314145	green	#4AB944
287938	blue	#3761C6
249182	purple	#8E35AD
130998	pink	#E35BA9
75798	brown	#885A2C
69922	red	#CC262C
58335	light blue	#63B8DF
57123	teal	#39B39F
52193	orange	#E47A26
49951	light green	#76E06B
43720	magenta	#C82798
44068	yellow	#E3DD36
36125	grey	#90948F
34707	sky blue	#5AB5E2
32801	violet	#8F3CB5
31490	lime green	#70E331
29721	light purple	#B26CD0
26292	turquoise	#36C3B2
25794	lavender	#B17ED0
24735	cyan	#43D4D3
23976	tan	#CBAC67
24011	dark green	#29652A
23514	dark blue	#212C7E
23316	aqua	#3ECEBD
19383	forest green	#2E712E
19147	mauve	#A75E8E
18846	bright green	#41E333
18237	gray	#8F938F
17552	olive	#809335
16909	dark purple	#562064
16370	maroon	#832037
15702	lilac	#B37BD1
15067	royal blue	#272BB5
14541	salmon	#E6786E
14319	beige	#D3C085
14166	hot pink	#E8289B
14327	black	#242123
13696	yellow green	#A5DB34
13632	navy blue	#1F2C6E
13484	pale green	#90DC86
13153	fuschia	#CF2CA6
12532	olive green	#769130
12492	light brown	#B1854A
12021	peach	#EEA577
11834	dark pink	#C83E7B
11818	sea green	#4AC98B
11585	lime	#82E43A
11131	periwinkle	#8380D8
10674	indigo	#5433AA
10629	blue green	#33A98C
8810	rose	#D56281
8733	mustard	#CBB52A
8471	bright blue	#2872E2
8246	neon green	#4DED2E
8203	light pink	#ECA5C7
7774	aquamarine	#3AC7B1
7405	grass green	#4DB732
7265	burnt orange	#C9631E
7211	navy	#202D68
7058	pale blue	#8CBDDA
7014	bright purple	#AF29D2
6607	mint green	#68E18C
6635	dark red	#901B22
6473	baby blue	#79C1E4
6265	gold	#CFB028
6019	grey blue	#6A8CA3
5948	plum	#752D65
5827	blue grey	#6E8CA1
5464	royal purple	#651E8D
5400	seafoam green	#5FDC97
5093	dark teal	#25726D
5047	kelly green	#2DB23A
5013	brick red	#A32D25
4911	khaki	#A2A054
4835	burgundy	#7F1E35
4616	pea green	#89BB3B
4619	chartreuse	#A0D635
4607	puke green	#91B332
4593	grey green	#789E75
4380	lavendar	#B281D1
4362	mint	#72E294
4234	spring green	#72DD53
4209	taupe	#AF9C73
4195	red orange	#DE4623
4040	seafoam	#61DB9E
4019	bright pink	#EB30A8
3994	puce	#A88766
3993	blue purple	#5F39C5
3986	pastel green	#80E187
3965	deep purple	#581B6D
3915	dark brown	#492A1B
3874	blue gray	#6C8A9F
3838	nigger	#7E8080
3731	light orange	#EEA049
3684	sand	#D3BB6B
3514	dark orange	#CC601C
3502	fuscia	#CD2EA4
3467	fuchsia	#D12DA8
3437	army green	#617B31
3359	light teal	#5FD2B4
3348	slate	#6B8087
3338	dark yellow	#C8B426
3267	cerulean	#307BC8
3265	goldenrod	#DCB829
3170	rust	#AC4925
3172	pale pink	#E9ACC1
3161	deep blue	#232C9B
3169	dark grey	#464949
3085	sea foam green	#60DD98
3033	pinkish purple	#CB47B8
3013	pale purple	#B181C5
3008	ochre	#BD8B2E
3011	light red	#DF4E57
2999	mustard yellow	#D1BC28
2943	slate blue	#567C9B
2861	crimson	#AA1B2D
2855	green blue	#34AF87
2811	hunter green	#2B652C
2785	gray blue	#698BA3
2791	pale yellow	#E8EA76
2772	green yellow	#A2D733
2722	turqoise	#38C2B0
2707	sea blue	#338CB2
2697	fushia	#CF2BA6
2680	ugly	#9F9463
2663	puke	#A2AC35
2661	leaf green	#55B437
2613	purple blue	#603BC5
2578	sage	#86B270
2576	moss green	#679945
2560	robin's egg blue	#5CCAD9
2491	steel blue	#5A819F
2501	off white	#E4E8CB
2486	eggplant	#61295E
2476	gray green	#779C74
2478	light grey	#C3C9C3
2444	f	#83817F
2434	flesh	#E5AC8A
2419	a	#7F8281
2427	white	#E1E3DA
2377	reddish brown	#923D2A
2344	blue violet	#6034C1
2347	light yellow	#EAED76
2317	brick	#A94131
2270	d	#7F8080
2262	bluish purple	#653AC3
2260	coral	#E6645C
2250	medium blue	#336BC8
2196	greenish	#63BB65
2197	red brown	#953C2A
2180	burnt sienna	#AE5623
2168	cream	#ECE5A9
2134	ocean blue	#2D77B3
2135	orange brown	#C17025
2122	greenish yellow	#C2DD35
2098	purplish blue	#5C3AC7
2089	light violet	#B273D4
2081	yellowish green	#9CD236
2072	pink purple	#CD47B9
2064	dark magenta	#A0206E
2052	dusty rose	#C57582
1975	greyish blue	#658AA5
1973	cornflower blue	#597AD2
1972	orange red	#DF4725
1961	midnight blue	#20245D
1907	grape	#7A3286
1908	yellow orange	#EBAF29
1862	azure	#3D94D1
1837	pinkish red	#DA2F55
1806	electric blue	#286AE1
1804	light olive	#A3BF57
1739	purple pink	#CB45B8
1721	dark turquoise	#247D79
1701	apple green	#68D43D
1666	sea foam	#64DBA0
1663	bright red	#EC1E2A
1605	powder blue	#84AFDD
1593	dull green	#67A65B
1592	neon purple	#B629D9
1559	wine	#862045
1548	light turquoise	#60DFC4
1544	cobalt	#3652A9
1540	yellow brown	#B49929
1509	dark cyan	#32999D
1495	olive drab	#748439
1495	greenish blue	#39AC98
1461	dark gray	#494C4C
1456	bluish green	#34B481
1442	dark violet	#602774
1442	skin	#E7B48E
1426	light gray	#C4CAC4
1420	pinkish	#DA6699
1404	burgandy	#812034
1396	dark lavender	#8F5AAE
1383	forrest green	#2F6F2F
1370	sage green	#81B36C
1348	vomit	#A3A934
1339	aqua blue	#38BCC9
1324	penis	#808081
1315	s	#7D8182
1317	pale orange	#EB9E52
1314	pastel purple	#B281CF
1302	grey purple	#886D8F
1297	grass	#55B739
1292	moss	#6D9A4D
1283	deep pink	#CF2E7A
1278	aqua green	#3BCE8E
1276	pastel blue	#7BAAD9
1270	dark tan	#AD8545
1264	green grey	#799973
1252	green brown	#7A7D2B
1252	terracotta	#C25F39
1226	greyish green	#75A073
1205	cornflower	#637ACF
1205	blood red	#9F181C
1196	greenish brown	#7C792A
1181	orchid	#B95BBF
1161	sienna	#AC602A
1157	brownish green	#7C882F
1147	g	#7E807A
1146	scarlet	#C11E2B
1133	grayish blue	#6789A4
1134	grey brown	#86765B
1132	pine green	#30783A
1132	cobalt blue	#2F45B2
1125	rose pink	#DE6B8F
1126	raspberry	#B6275D
1120	dark olive	#546122
1114	baby pink	#F0A5C8
1113	greyish purple	#886D8E
1104	blueish purple	#6139C4
1095	light blue green	#64DCAF
1095	neon pink	#ED27AF
1088	pumpkin	#DD7E23
1088	salmon pink	#E97979
1084	chocolate	#643A24
1077	charcoal	#3F4341
1069	reddish purple	#9E276C
1068	pinky purple	#C845B8
1053	reddish pink	#DB3861
1043	tangerine	#EC8832
1042	purple grey	#876F8D
1019	sky	#63B3DE
1015	purplish pink	#D251BB
1009	dirty yellow	#CAC435
1006	red violet	#A72278
1001	light cyan	#7EE4D8
